{"cameraMode":{"drawMode":0,"name":"Shaded","section":"Shading Mode"},"sceneLighting":true,"audioPlay":false,"sceneViewState":{"m_AlwaysRefresh":false,"showFog":true,"showSkybox":true,"showFlares":true,"showImageEffects":true,"showParticleSystems":true,"showVisualEffectGraphs":true,"m_FxEnabled":true},"in2DMode":false,"pivot":{"x":29.134321212768556,"y":2.6684563159942629,"z":-71.09001159667969},"rotation":{"x":0.11940544843673706,"y":-0.016083957627415658,"z":0.0019462009659036995,"w":0.9927563071250916},"size":0.8660253882408142,"orthographic":false}